{
    "train_accuracy": 0.84375,
    "test_accuracy": 0.775,
    "loss_recorder": [
        126.33467410947654,
        130.5571540689849,
        131.13562456610907,
        134.91924696635692,
        134.69608416861954,
        126.55813104519582,
        126.36600282804679,
        124.17688325832498,
        124.27616805848822,
        124.70120722394503,
        125.274440996412,
        125.1080873959832,
        123.61345429899148,
        123.78407327750126,
        123.65622052847493,
        124.26528851215684,
        123.2547296000295,
        124.18031612746073,
        123.81892501760602,
        121.48824708565166,
        119.59387106879755,
        119.63557256636864,
        118.86872024595004,
        118.37796823875588,
        117.62655214158039,
        118.55373176617886,
        117.89548052614967,
        117.66874269329702,
        117.16768794852781,
        118.07775018420878,
        117.63246375939163,
        117.50329377543254,
        117.90145638482565,
        117.56910684200338,
        117.39389578687842,
        116.3280994955245,
        116.28559681689217,
        116.4077385536024,
        116.16562995460197,
        116.04008000602158,
        115.52077302358103,
        116.39557510385652,
        115.78348780591902,
        115.69110138364861,
        115.89841172649894,
        117.16633278001038,
        115.70938211258945,
        116.05184441603043,
        116.70448828138994,
        115.77682983967472,
        116.3216585228694,
        115.7301978210275,
        116.61475730603195,
        115.86979639875007,
        115.22853351774094,
        116.23625529044276,
        115.67779055174704,
        116.31803119643646,
        116.16488451780933,
        116.38327668919187,
        116.42947650925433,
        115.98607648374144,
        114.6839628453485,
        115.09622526905115,
        115.28370957848972,
        114.7769926215982,
        114.97195103489327,
        113.96682058185118,
        114.804373002834,
        114.2551211067961,
        114.8624721148625,
        115.00587156789183,
        114.70972957494045,
        115.0612487326247,
        113.70038368980794,
        113.50514849739733,
        115.06441299620938,
        114.57871592815931,
        115.6204170599069,
        114.21410957416569,
        115.20950167315102,
        114.51589286278521,
        113.56444070197556,
        113.84846605729157,
        114.60903541178692,
        114.90774968112534,
        114.39978731741877,
        114.10837842181476,
        115.01698136598505,
        113.38471938704811,
        113.44177821748718,
        113.82225666635851,
        113.48155204486073,
        113.31745301218359,
        114.38233552096077,
        113.53627923750544,
        113.7868917350292,
        113.87609281754419,
        114.07483478070382,
        113.51850783165894
    ],
    "param": {
        "anti_aliasing": true,
        "feature_dim": 4,
        "resize_image_size": [
            2,
            2
        ],
        "anti_aliasing_sigma": null,
        "normalize_min": 0,
        "normalize_max": 1,
        "feature_type": "ZZ",
        "feature_repeat": 2,
        "ansatz_repeat": 2,
        "qasm_shots": 1024,
        "use_ibmq": false,
        "maxiter": 100,
        "seed": null,
        "class_size": 100,
        "labels": [
            "alpha",
            "beta"
        ]
    }
}