{
    "train_accuracy": 0.68125,
    "test_accuracy": 0.625,
    "loss_recorder": [
        188.67104669508828,
        154.79913347029776,
        152.94458733172513,
        157.0710024004345,
        173.72106909706878,
        165.4887935669396,
        154.83127995931557,
        160.00313828880945,
        153.32638857732002,
        166.01204710512982,
        163.154843929736,
        158.1490491758497,
        158.13016243084925,
        156.74186077553773,
        154.26637707164588,
        153.91770221875515,
        154.65708381485274,
        154.56879257573374,
        154.00088286546006,
        153.82489113737742,
        152.43398414790096,
        151.8745908045185,
        158.09893447577423,
        157.40398508028363,
        168.23796771329535,
        161.8002140720733,
        154.09386249021998,
        152.1816487872135,
        150.70032438538823,
        150.0505759127918,
        150.49873766556993,
        149.59039653972894,
        148.33699963038734,
        149.37194491396366,
        144.75813696509044,
        143.94469509745244,
        145.31607757178224,
        145.78431954145498,
        144.71318730078193,
        144.06110226752608,
        144.25425013377642,
        143.7172563100684,
        145.4110172277001,
        144.73364160877205,
        144.0984206154972,
        145.283237249511,
        143.24211824122432,
        144.21709900498388,
        144.87922561730272,
        145.17571990057888,
        144.06599150932072,
        143.10088713225727,
        143.393694075355,
        143.9040833962248,
        144.47994034030637,
        144.4428502640448,
        144.07263665997957,
        144.25770948773084,
        143.91617818575614,
        144.0601320046965,
        143.74221223175743,
        143.87106653990912,
        143.39781441644908,
        143.9903045963021,
        144.99995503741366,
        144.04302945789493,
        142.90995015020258,
        143.39890430231026,
        143.15066468958565,
        141.54023953094614,
        144.09966829203765,
        143.39639777931308,
        142.56487598046508,
        142.57657997425213,
        141.96840146668114,
        142.26237746563604,
        142.01258971099912,
        142.50704810941028,
        141.190378901602,
        141.70571629651943,
        142.3916108444301,
        142.78835675632524,
        141.6489994122655,
        141.35935113724946,
        142.86350649712756,
        142.36770145716062,
        142.19819513501815,
        141.72928723996836,
        141.83301507522702,
        141.1193715010944,
        141.4153656296267,
        141.11321042448836,
        141.18089136042448,
        141.04257822508782,
        141.69453090074458,
        142.1402872380416,
        142.40495120164485,
        141.53502264621739,
        140.77080375262713,
        141.4519548370184
    ],
    "param": {
        "anti_aliasing": false,
        "seed": null,
        "feature_dim": 4,
        "resize_image_size": [
            2,
            2
        ],
        "anti_aliasing_sigma": null,
        "normalize_min": 0,
        "normalize_max": 1,
        "feature_type": "ZZ",
        "feature_repeat": 2,
        "ansatz_repeat": 2,
        "qasm_shots": 1024,
        "use_ibmq": false,
        "maxiter": 100,
        "class_size": 100,
        "labels": [
            "alpha",
            "beta"
        ]
    }
}