{
    "train_accuracy": 0.83125,
    "test_accuracy": 0.825,
    "loss_recorder": [
        190.76528768529144,
        186.0839343471421,
        177.44309992091172,
        177.10993966258337,
        170.86546287309565,
        164.783185986177,
        166.21867447615824,
        163.52071542109655,
        164.0641908718186,
        163.90589961020683,
        148.09413112710087,
        147.66763297387396,
        143.8272483449106,
        143.93064577753876,
        144.55794725379513,
        145.81091185854916,
        143.6980293626176,
        143.34582939547008,
        142.003056988448,
        142.31637428290838,
        141.30819675443405,
        141.32655608792783,
        137.47144762483077,
        137.54400385582397,
        138.22549903739275,
        137.93014588468915,
        137.00795609526895,
        137.1625681489914,
        136.16491195559385,
        134.67982353031525,
        136.23869981961292,
        135.74020307657707,
        136.3778366807903,
        135.54481730900102,
        134.57270720989666,
        133.67241794755193,
        134.4557754378611,
        132.84542309914997,
        133.5000782321572,
        132.01402715068866,
        132.26520218435806,
        131.10534177917094,
        132.6372538511694,
        131.5882552574068,
        131.04259569246403,
        131.49731143813545,
        130.61505024190393,
        132.54763303350506,
        130.91901130110114,
        130.1669534633039,
        130.3992206166054,
        130.00212266660645,
        129.47209316811333,
        128.24561566825196,
        127.76434742615875,
        127.45992936441439,
        127.24537025654853,
        126.96925553951407,
        126.00495811507169,
        125.1993380696168,
        124.01809875163673,
        122.81586073294729,
        120.96056625791016,
        120.07152256005509,
        119.61760571915502,
        116.14306031188733,
        117.56580596272937,
        116.59948614304128,
        116.47356994203332,
        116.31147142346765,
        115.47027982318686,
        116.42222275168373,
        116.2856451403079,
        115.72734338665703,
        114.91245512354902,
        114.41180943102793,
        113.82462528451813,
        111.61233787619227,
        111.052055993079,
        112.35114637166149,
        110.03717401729327,
        109.75766796111157,
        109.07844795540404,
        106.37143195382083,
        106.24730263951447,
        104.41970988158661,
        103.13899840142605,
        101.43112104049754,
        101.3701933763593,
        101.76442276978781,
        101.48137004025426,
        101.59550887355165,
        100.41957880211525,
        98.37290715183457,
        98.80266859449137,
        99.62916665910711,
        96.89171658777221,
        97.75269094250086,
        95.95873735723882,
        93.72272119611556
    ],
    "param": {
        "anti_aliasing": true,
        "feature_dim": 9,
        "resize_image_size": [
            3,
            3
        ],
        "normalize_max": 1.5707963267948966,
        "anti_aliasing_sigma": null,
        "normalize_min": 0,
        "feature_type": "ZZ",
        "feature_repeat": 2,
        "ansatz_repeat": 2,
        "qasm_shots": 1024,
        "use_ibmq": false,
        "maxiter": 100,
        "seed": null,
        "class_size": 100,
        "labels": [
            "alpha",
            "beta"
        ]
    }
}