{
    "train_accuracy": 0.7375,
    "test_accuracy": 0.6,
    "loss_recorder": [
        174.18921890159237,
        169.66631574537476,
        152.21930582677828,
        150.20640893321712,
        149.2183769152956,
        149.89627431795145,
        149.84064966911308,
        149.1573995370606,
        145.39864813389855,
        145.76052920449942,
        145.64780900810564,
        146.28665326031935,
        143.7732288082836,
        144.70064885031223,
        144.18170981799716,
        143.98293249735661,
        142.19999399826236,
        140.71267013728746,
        138.90216629311135,
        138.82310039287574,
        139.68634751768863,
        137.8830349226186,
        137.21690544802885,
        137.03141346943426,
        137.44254515770115,
        137.0648294591124,
        137.47717363573832,
        137.02577648773305,
        136.88974824772595,
        137.39023509393343,
        137.74271145969095,
        136.32232883049625,
        136.44002817153444,
        135.90205599990543,
        135.78223593963327,
        135.4128122841003,
        135.50901866681986,
        134.7397607638854,
        134.59637447330994,
        133.95855774818068,
        135.23757755710233,
        135.38877407039195,
        134.14934298522496,
        135.04213254173334,
        133.29305773303287,
        133.45132182777348,
        133.53036383211554,
        134.02578246764122,
        134.61907785603563,
        133.65035598121966,
        132.7034324436266,
        132.86286982817163,
        133.46396029847682,
        133.71228969266906,
        132.7086372260358,
        133.40547069808486,
        133.83502170946883,
        133.60051511304104,
        132.605692881415,
        133.87129944652537,
        133.28473250096835,
        132.3447491360044,
        132.4124901984303,
        132.4233160664148,
        133.5619024908037,
        132.25999751932912,
        133.62013330216962,
        132.91633774829134,
        132.74169034894044,
        132.21938887597616,
        131.49501911870152,
        131.72968732733904,
        132.02173017716945,
        130.50653132080907,
        131.67538812331682,
        130.96890659009208,
        129.88797264749718,
        130.6934287696433,
        130.36809285680903,
        130.43645237073133,
        130.43785533695984,
        130.33572648128177,
        130.10662672846354,
        130.29602114422124,
        130.0175561260289,
        130.43717488744429,
        130.1474272150809,
        129.9370176324678,
        129.75611892001757,
        130.0255428497766,
        129.19905120650694,
        127.9744454365619,
        128.368061464627,
        128.716769007979,
        127.34491346311175,
        128.2931627756118,
        128.011253536815,
        128.68080796708136,
        128.2290471290099,
        128.05576567731038
    ],
    "param": {
        "anti_aliasing": true,
        "feature_type": "ZZ",
        "feature_dim": 4,
        "resize_image_size": [
            2,
            2
        ],
        "anti_aliasing_sigma": null,
        "normalize_min": 0,
        "normalize_max": 1,
        "feature_repeat": 2,
        "ansatz_repeat": 2,
        "qasm_shots": 1024,
        "use_ibmq": false,
        "maxiter": 100,
        "seed": null,
        "class_size": 100,
        "labels": [
            "alpha",
            "beta"
        ]
    }
}