{
    "train_accuracy": 0.6052631578947368,
    "test_accuracy": 0.4,
    "loss_recorder": [
        41.70493849105645,
        43.970985610538584,
        48.848897376731465,
        39.87366660484724,
        51.16805552910427,
        42.06678259998792,
        36.97136168072581,
        36.88308820277187,
        36.372679085710175,
        36.41027084920633,
        36.17658924065869,
        41.10633518554208,
        40.524793753023815,
        40.132332969676916,
        40.07926417564696,
        39.158290630180836,
        38.7636981664542,
        36.25800545533154,
        36.41217994353818,
        36.335000847238604,
        36.46819220520971,
        36.62219126159808,
        36.41863902691429,
        35.29512994608691,
        34.802871201917604,
        35.75109963979663,
        35.58457696391202,
        35.64665409342175,
        35.7045650339637,
        35.62575283616507,
        35.05415228877862,
        36.048147635856814,
        35.43341770190676,
        35.59513103672647,
        35.80418674717486,
        35.26046250645549,
        35.55024531205004,
        34.90121010721601,
        35.06556832966013,
        34.489656609754206,
        34.8790195173565,
        34.59375882793228,
        35.438181898847006,
        35.088228480383236,
        34.4240702724432,
        34.55440941925193,
        35.013502835653846,
        34.743031249089185,
        34.95848731204367,
        34.786412869368895,
        34.44077467715435,
        34.81712171320397,
        34.717937091286764,
        34.87712927190568,
        34.68877938902264,
        34.972315222330586,
        35.45342718843167,
        35.699994502884024,
        34.291858631579295,
        34.77345250006806,
        36.210328528478954,
        34.70629489296639,
        34.6013246379594,
        34.44652649129241,
        35.50237559396846,
        35.061198484149855,
        34.94629913674264,
        34.73402026785862,
        34.536596961222834,
        35.05461130809996,
        34.655545828081635,
        34.64649412129059,
        34.23517466186599,
        34.99814369189418,
        35.35743351072872,
        35.026615299511484,
        35.45631988792084,
        35.334208708981045,
        35.06623751966848,
        34.89350810960608,
        34.92634664195967,
        35.380124852187244,
        34.55304165984509,
        34.48888725811072,
        34.79585433531156,
        35.01177151959647,
        34.84933211185674,
        34.55659204102461,
        34.76258707892078,
        34.864944998464296,
        34.672502753711555,
        35.02656709129111,
        35.02160940143252,
        35.05474884335302,
        35.00872966806411,
        35.166766300603534,
        34.86073983897906,
        34.97914314771239,
        34.38054392121003,
        35.389945869281725
    ],
    "param": {
        "anti_aliasing": false,
        "seed": null,
        "feature_dim": 4,
        "resize_image_size": [
            2,
            2
        ],
        "anti_aliasing_sigma": null,
        "normalize_min": 0,
        "normalize_max": 1,
        "feature_type": "ZZ",
        "feature_repeat": 2,
        "ansatz_repeat": 2,
        "qasm_shots": 1024,
        "maxiter": 100,
        "class_size": 24
    }
}