{
    "train_accuracy": 0.9473684210526315,
    "test_accuracy": 1.0,
    "loss_recorder": [
        59.13509245088126,
        32.965647516274586,
        33.18826636854499,
        33.55641589543412,
        33.257269173625474,
        32.486563463621096,
        30.087069964095,
        29.674893656188924,
        29.611320018905197,
        29.83982758223472,
        29.03667739987777,
        28.250270724587324,
        28.905278406570215,
        28.52083957440554,
        28.276902343039723,
        28.23993629321037,
        28.124550268880515,
        28.029837737714214,
        26.946961189048476,
        27.0729116909893,
        26.87251039966793,
        26.728389357885227,
        25.677725065136364,
        25.1768191543813,
        23.840272738439705,
        24.08437243656734,
        23.731466826460483,
        23.73765568847436,
        23.63630958505415,
        22.611226482757345,
        22.471515734523074,
        21.94996497159473,
        22.06695952392966,
        21.82061801119378,
        22.346137389377382,
        21.70308997673248,
        21.850855535887227,
        21.648334586622333,
        21.901661603236388,
        21.596120580580447,
        22.241652940256976,
        21.694345705834266,
        21.574614724190532,
        20.98908915226057,
        20.941670349943976,
        21.293595807207502,
        20.829883119607235,
        20.726552310170028,
        20.779988085384076,
        20.6920320110344,
        20.86409127494563,
        20.898883542487123,
        20.49707128896069,
        20.564285028627456,
        20.35309057861103,
        20.424522920446037,
        20.265728534980997,
        20.518494899418908,
        20.3742046754052,
        20.303778536215738,
        20.384868131768773,
        20.356929347620277,
        20.278845539990684,
        20.267335513326135,
        20.285038519095096,
        20.522529471534234,
        20.495569317165216,
        20.457479358464237,
        20.195024744440673,
        20.256268883004616,
        20.010502773439022,
        19.893133169568486,
        20.113221753634004,
        20.167587874511014,
        19.8895920706545,
        20.172028446754705,
        20.124615732623898,
        20.039012727917832,
        20.208374782369766,
        20.072503931816364,
        19.89252769537406,
        20.19990446414018,
        20.099988030394645,
        20.033467873320728,
        19.547263105317548,
        20.018611498837373,
        20.176416580039092,
        19.869852549030913,
        19.567569799994043,
        19.698723109262318,
        19.750208404169424,
        19.543269821402056,
        19.734537276641287,
        20.01573286261046,
        19.99312106930803,
        19.32505331137967,
        19.650857827508446,
        19.57910365558931,
        19.73436841475962,
        19.922965099493254
    ],
    "param": {
        "anti_aliasing": true,
        "seed": null,
        "feature_dim": 4,
        "resize_image_size": [
            2,
            2
        ],
        "anti_aliasing_sigma": null,
        "normalize_min": 0,
        "normalize_max": 1,
        "feature_type": "ZZ",
        "feature_repeat": 2,
        "ansatz_repeat": 2,
        "qasm_shots": 1024,
        "maxiter": 100,
        "class_size": 24
    }
}