{
    "train_accuracy": 0.85,
    "test_accuracy": 0.725,
    "loss_recorder": [
        176.95154978456912,
        174.00997756924647,
        135.05347522526586,
        131.41257232749587,
        132.57309245955395,
        130.57465111420476,
        127.196724492232,
        125.86128978379216,
        124.83443828513461,
        124.53700915567163,
        118.60697784491695,
        118.72985096842295,
        119.65863620397549,
        118.12601761029347,
        117.33294835735033,
        114.58082889113606,
        114.82660969911186,
        115.02406501299818,
        115.69796744454963,
        113.34371617005915,
        107.07333594340636,
        106.37875140372299,
        105.59291465123154,
        104.85301884240386,
        102.87680728027263,
        102.74566299587495,
        102.4189101563688,
        101.87296909335493,
        101.43500306337748,
        101.05098709117578,
        101.09729231959882,
        101.14591961617234,
        100.31612386178926,
        100.29160613334616,
        100.72515651990943,
        100.85545334532523,
        100.32109513120562,
        100.72112758660799,
        100.23256014672653,
        100.21440857133813,
        100.43636308874,
        100.30711751250479,
        100.9206420511222,
        100.44498553181394,
        99.64567567678586,
        99.43070089844775,
        99.36917829538756,
        99.19121609961701,
        99.37187635543368,
        98.36724949650767,
        99.45861097544878,
        99.25844374235535,
        98.01820804918654,
        98.56158317300327,
        98.73924053788576,
        98.38807411939749,
        98.6513728489227,
        97.83623929730739,
        98.53892109556962,
        98.83289185811554,
        98.70460290125975,
        98.33401977553591,
        98.90937699682362,
        99.17779130568407,
        98.58095849412099,
        98.64922875883089,
        98.25229145491218,
        98.93433232988997,
        97.954007270336,
        98.90328339081557,
        98.1022024191289,
        99.03457582640304,
        98.1848880058745,
        98.40454917535351,
        98.27119904327438,
        98.43043667344882,
        98.39917081995195,
        99.64433919795621,
        98.46685935562859,
        99.18998163362,
        97.83464976672671,
        98.96429841625059,
        98.19230132243334,
        98.31235448711593,
        98.57515647868132,
        98.57126748352613,
        98.61670790809934,
        98.25848971579629,
        98.12333218954842,
        98.42762170983104,
        98.76948929681099,
        98.32433323275565,
        97.92701749676361,
        98.45882614258639,
        97.73292044818271,
        97.68528901037152,
        98.07470146827745,
        99.01972708628313,
        98.50460903073278,
        98.53500510049506
    ],
    "param": {
        "anti_aliasing": true,
        "feature_type": "Pauli",
        "normalize_max": 1.5707963267948966,
        "feature_dim": 4,
        "resize_image_size": [
            2,
            2
        ],
        "anti_aliasing_sigma": null,
        "normalize_min": 0,
        "feature_repeat": 2,
        "ansatz_repeat": 2,
        "qasm_shots": 1024,
        "use_ibmq": false,
        "maxiter": 100,
        "seed": null,
        "class_size": 100,
        "labels": [
            "alpha",
            "beta"
        ]
    }
}