{
    "train_accuracy": 0.8375,
    "test_accuracy": 0.75,
    "loss_recorder": [
        171.89368313390833,
        155.81890991725857,
        155.85493181832362,
        142.56737553108707,
        142.92471714900367,
        133.55852127456347,
        133.82090841359525,
        124.2239360395758,
        120.3020108161477,
        119.83103780278478,
        119.5418496234361,
        118.83122133515954,
        118.94659617739299,
        118.21644491129612,
        118.06471683583244,
        116.27770996824484,
        114.10856578377167,
        113.68816231877258,
        110.19434451466867,
        108.76265622595284,
        108.41262981579621,
        107.7527266175006,
        107.11141468279624,
        107.0551065959473,
        106.2056184725343,
        105.93734038585619,
        105.68518680227196,
        105.15526166987806,
        104.58029098315366,
        105.47435311275005,
        104.43479099154143,
        105.2246419207896,
        105.13544791658416,
        104.71114608489896,
        104.88516016666978,
        104.61833547889208,
        104.75329052161739,
        104.74912250722697,
        105.07570241275076,
        104.46708490936886,
        104.14190063485287,
        104.80090097838277,
        103.81442960456762,
        103.22132291053964,
        103.93955998512627,
        103.38302388780019,
        102.8716792553928,
        104.1789719288966,
        104.07142168872392,
        103.62384734027249,
        102.98833544281658,
        103.1913543065219,
        103.56824071591635,
        102.79419275096296,
        103.15574724552025,
        103.67307808071199,
        103.16368516530366,
        103.11703906897807,
        103.59052091660371,
        103.06417597723136,
        102.99055150552633,
        102.88440365121023,
        103.07784190792623,
        102.84843831309024,
        102.6375512024454,
        101.71151305450239,
        101.81744276262138,
        101.81720248948179,
        102.6117762694629,
        102.67054750863343,
        102.01987193906677,
        103.00771257907093,
        103.04797759513772,
        103.17008579638207,
        102.0342275006656,
        101.42415248956678,
        102.48671363579034,
        102.54755324839641,
        101.43490114002779,
        101.96101761360578,
        101.86027459541135,
        102.56099703330466,
        101.95938295227404,
        102.37046131509658,
        101.86892829511041,
        101.88530577840274,
        102.14729884462312,
        102.15008206445009,
        102.12429744360244,
        102.13599020915004,
        102.66927962285587,
        101.89369728160653,
        101.53485830476185,
        102.14609582497152,
        101.75102299410857,
        101.8308379002874,
        101.9653905769607,
        101.40991196887106,
        101.69419604002535,
        101.3255174291582
    ],
    "param": {
        "anti_aliasing": true,
        "feature_dim": 4,
        "resize_image_size": [
            2,
            2
        ],
        "normalize_max": 1.5707963267948966,
        "anti_aliasing_sigma": null,
        "normalize_min": 0,
        "feature_type": "ZZ",
        "feature_repeat": 2,
        "ansatz_repeat": 2,
        "qasm_shots": 1024,
        "use_ibmq": false,
        "maxiter": 100,
        "seed": null,
        "class_size": 100,
        "labels": [
            "alpha",
            "beta"
        ]
    }
}