{
    "train_accuracy": 0.90625,
    "test_accuracy": 0.875,
    "loss_recorder": [
        162.84413244666268,
        155.8715385349658,
        130.90636944426234,
        131.32498133583334,
        120.4150940284519,
        116.03401824969252,
        113.30090017897476,
        109.65548248844291,
        107.02037434794507,
        103.11591759017486,
        100.7866349142773,
        99.96691306090125,
        100.47605378712112,
        99.47859903822781,
        99.05389729716578,
        98.5009079658055,
        95.73288378248394,
        94.97426814077963,
        94.12075284159758,
        94.87608577268846,
        94.38663018605406,
        94.8875141477716,
        92.1683720629526,
        92.70077786158068,
        90.21081516565808,
        90.98730399837984,
        90.3122391937102,
        89.53329564509428,
        90.6345606610914,
        89.5262422225114,
        89.0636536146308,
        88.85930838620476,
        90.21451608032592,
        88.92165825964224,
        88.25183620172527,
        89.80874622144071,
        89.69194085514624,
        88.55573204945767,
        88.39603663034562,
        90.46412339314305,
        89.09322850544817,
        89.10902155167548,
        89.48832901565555,
        89.63278478484969,
        88.85437561741506,
        89.52717492230889,
        88.73808055760361,
        89.06636891166029,
        88.97073790950314,
        88.5391774612244,
        88.62896383409802,
        88.59603447429876,
        89.56079596985165,
        88.11394414987713,
        88.96870992543117,
        88.87897963717609,
        88.8866790529316,
        89.51047238798184,
        89.33399378523596,
        88.71043642128484,
        88.70096749512211,
        89.04392291281462,
        89.37503529222144,
        88.83258072071911,
        88.74453470209994,
        88.52259168012154,
        89.41483613291435,
        88.55399674504547,
        88.45726259838415,
        88.82950272800446,
        88.47213650307944,
        88.81909042912167,
        88.72768762123124,
        89.68282706649047,
        88.70977183519909,
        88.20698628451072,
        89.19924330740253,
        89.24266987530285,
        87.61029440441453,
        89.65945327271035,
        88.05328564495355,
        88.39432013944182,
        88.60879360264629,
        88.72035503136482,
        88.41776461033729,
        89.32063225937777,
        88.77515897530279,
        89.1269538211694,
        87.53026105734833,
        88.58419540676343,
        88.84563563837548,
        88.53940382214412,
        88.23920815924978,
        88.52272124135604,
        88.78092423353218,
        88.36427307057916,
        88.215158063842,
        88.6825457284674,
        87.92244109723109,
        88.10611288977336
    ],
    "param": {
        "anti_aliasing": true,
        "feature_dim": 2,
        "resize_image_size": [
            2,
            1
        ],
        "normalize_max": 1.5707963267948966,
        "anti_aliasing_sigma": null,
        "normalize_min": 0,
        "feature_type": "ZZ",
        "feature_repeat": 2,
        "ansatz_repeat": 2,
        "qasm_shots": 1024,
        "use_ibmq": false,
        "maxiter": 100,
        "seed": null,
        "class_size": 100,
        "labels": [
            "alpha",
            "beta"
        ]
    }
}