{
    "train_accuracy": 0.86875,
    "test_accuracy": 0.85,
    "loss_recorder": [
        179.1171896397418,
        179.9181095393845,
        132.2345065347635,
        127.1590905237473,
        124.26347043756309,
        126.95064967720393,
        127.23925260959828,
        124.91649923834586,
        124.61207606261861,
        124.81987751359303,
        121.32045101723281,
        121.17147496176041,
        121.05159340944016,
        120.52727981343955,
        119.65152684946868,
        119.60158474335924,
        119.8294203706805,
        118.60231863547781,
        119.18053549765924,
        118.0110677962571,
        117.74213114020101,
        117.62882247718784,
        117.88407749101592,
        117.64563496672555,
        117.40344999899884,
        117.35497692499024,
        116.64761619348185,
        115.87779883424727,
        116.84401676340302,
        116.7713680375696,
        116.61786563521213,
        116.52157319802839,
        116.679943713949,
        115.73050112190785,
        116.19186709477066,
        114.72584139685841,
        115.39433229803441,
        114.39846551536064,
        115.47540385053134,
        115.23719832018023,
        115.01473104913498,
        115.07795224264004,
        114.81919726670884,
        115.1384867387834,
        116.20949027608103,
        115.58573612779075,
        115.81926986481743,
        115.25120124160816,
        115.57292125991684,
        114.69226564765938,
        114.72759840285046,
        115.8246800172156,
        114.62056439004726,
        115.5770077820113,
        115.20856974174777,
        115.93862236408228,
        115.01890570235581,
        115.2198998090725,
        114.99518850464062,
        114.66379051836155,
        114.4676381433789,
        115.39943146157853,
        115.03686755179281,
        114.62555980188075,
        115.03875940746563,
        114.55359720482059,
        114.2700056307383,
        115.39021274658357,
        114.88901594603246,
        114.8137373835579,
        115.30141380152412,
        115.74109223071238,
        114.97147823858545,
        115.51887966600185,
        114.76414175861966,
        115.0729434509298,
        114.95983782606368,
        114.56199052484033,
        113.91639179124343,
        115.03612506925629,
        114.64800881560006,
        115.04898666878059,
        114.18910020241333,
        113.84872768236468,
        114.8811122554433,
        114.87388499395692,
        114.40406867049782,
        114.73377268068623,
        115.09855228113166,
        114.64159614533757,
        114.80137728543559,
        114.18822467088695,
        115.28477271223733,
        115.07582991135668,
        115.25965158326764,
        114.21810540435484,
        115.14554040568851,
        114.9031230871548,
        114.6651038145146,
        115.09949750772722
    ],
    "param": {
        "anti_aliasing": true,
        "feature_dim": 2,
        "resize_image_size": [
            2,
            1
        ],
        "anti_aliasing_sigma": null,
        "normalize_min": 0,
        "normalize_max": 1,
        "feature_type": "ZZ",
        "feature_repeat": 2,
        "ansatz_repeat": 2,
        "qasm_shots": 1024,
        "use_ibmq": false,
        "maxiter": 100,
        "seed": null,
        "class_size": 100,
        "labels": [
            "alpha",
            "beta"
        ]
    }
}