{
    "train_accuracy": 0.625,
    "test_accuracy": 0.7,
    "loss_recorder": [
        179.3155813039589,
        178.74776931252302,
        174.9577463445613,
        176.10044386673394,
        175.5645413674442,
        174.64685179405427,
        176.1490207684888,
        174.72167353415807,
        175.01468205990165,
        172.25776712216611,
        173.79552123739902,
        172.68060371202216,
        174.4197806426048,
        173.64820449510384,
        173.82027350232363,
        172.50871808066006,
        171.88930287917108,
        173.04266496261576,
        171.04148614212167,
        170.10579520866438,
        169.44498580307658,
        167.24895450949242,
        166.58192418965126,
        165.9120384210392,
        166.2390273268275,
        166.1974945328074,
        166.28754874971798,
        163.8516234670025,
        166.27423168139825,
        165.09998782322353,
        165.6554686320582,
        163.6333956531941,
        163.0186978628692,
        161.3374629162051,
        160.80316954755594,
        156.5723464835013,
        158.26347792849703,
        157.0207527312915,
        156.75668962677943,
        155.95274197596444,
        157.07546442875326,
        156.48540960672017,
        158.10307179029337,
        155.29406045527634,
        156.4703202363843,
        155.29486472579276,
        154.7566543478888,
        154.59199447829542,
        154.63761121131182,
        153.28497811638397,
        153.20183286259655,
        152.9423712536974,
        152.42028353230856,
        151.56572348280216,
        151.05102307307402,
        152.3692999818049,
        151.17772322566555,
        152.15617730068743,
        152.90786242328141,
        152.02619707160886,
        150.1256984486714,
        151.06369512248983,
        150.4804266545134,
        150.78760145062265,
        150.72592894083377,
        150.24058191281244,
        150.07879369316603,
        149.98790042958188,
        150.0685965608264,
        149.77678901519192,
        150.4793097353235,
        149.71274511597016,
        149.9897439577669,
        149.7551358108914,
        149.79597715305928,
        150.04291799333242,
        150.69486871292915,
        149.09027695999913,
        148.96039220746786,
        149.47453628097847,
        148.87049814156336,
        148.3743594407057,
        148.7162048506489,
        148.2875512923613,
        149.0776400583121,
        149.29420787937474,
        148.57421919375315,
        148.20729317903476,
        149.12062247871535,
        149.01551231621065,
        148.01702945311223,
        148.29704278130183,
        147.79458837491302,
        148.11385145161813,
        149.04508818765152,
        148.0328963157297,
        148.26758947253256,
        148.0610514352462,
        147.50313245779523,
        147.90226655888367
    ],
    "param": {
        "anti_aliasing": true,
        "feature_dim": 2,
        "resize_image_size": [
            1,
            2
        ],
        "anti_aliasing_sigma": null,
        "normalize_min": 0,
        "normalize_max": 1,
        "feature_type": "ZZ",
        "feature_repeat": 2,
        "ansatz_repeat": 2,
        "qasm_shots": 1024,
        "use_ibmq": false,
        "maxiter": 100,
        "seed": null,
        "class_size": 100,
        "labels": [
            "alpha",
            "beta"
        ]
    }
}