{
    "train_accuracy": 0.7625,
    "test_accuracy": 0.7,
    "loss_recorder": [
        185.85713468993708,
        173.32984818645252,
        160.606828255816,
        146.74114858879403,
        146.72273008885514,
        147.23127712713847,
        140.93247984862842,
        140.86095949758436,
        137.6072106807656,
        136.1583468434203,
        136.34593904854538,
        135.0880073104102,
        134.8576892815847,
        135.24411121874988,
        134.53960574254643,
        134.4803301795946,
        133.4545914106588,
        133.73661239167046,
        132.8871178422849,
        132.89657318931938,
        133.33771411524538,
        132.69674818361148,
        132.53525662020832,
        131.7666704119061,
        131.33166727079075,
        132.1083853623924,
        131.35512504344464,
        131.87129662246895,
        131.42895471322498,
        130.10605117789504,
        131.4857009406864,
        130.66572235131719,
        131.1613126782809,
        130.7701292724933,
        130.7808963242656,
        131.3684630717491,
        130.48126239158853,
        130.3181222056392,
        131.42858978696984,
        131.62401911490463,
        130.36803210733495,
        130.47084823835024,
        130.86248754405142,
        130.31598687152996,
        129.76276811335413,
        130.62046877515428,
        129.57626279207173,
        129.0823445718519,
        129.22579970232113,
        129.05194407780445,
        130.0053970535483,
        130.0529625926119,
        129.50850249896084,
        129.332107141694,
        129.39796218457937,
        129.13627376248616,
        129.21570287098615,
        129.49941472778875,
        129.4733974842554,
        129.74838499125025,
        129.80149425653892,
        128.99345558407077,
        130.01781509264686,
        128.99970362776997,
        129.7845455932952,
        128.9500999110224,
        129.89328642240716,
        129.50153852236303,
        128.70091381495314,
        129.02289901798505,
        130.9186306990907,
        129.7748925174721,
        129.9008407785819,
        128.2992502931361,
        129.5428371059025,
        129.36290195027954,
        129.825046398945,
        129.06038143630502,
        129.60918899629488,
        130.17845004504653,
        129.00698282473763,
        128.88267192399138,
        128.52745701744712,
        129.22309912763262,
        129.32602961845336,
        128.96861372359868,
        128.13816099816032,
        128.9681936457203,
        129.533512036395,
        128.51463215803983,
        128.27033883828545,
        129.4117815899673,
        128.21472297087382,
        128.12232455616376,
        128.30278988882998,
        127.95686662614123,
        128.17085677966173,
        128.48674119765496,
        128.0810794017776,
        128.51782097451348
    ],
    "param": {
        "anti_aliasing": true,
        "feature_type": "ZZ",
        "normalize_max": 3.141592653589793,
        "feature_dim": 4,
        "resize_image_size": [
            2,
            2
        ],
        "anti_aliasing_sigma": null,
        "normalize_min": 0,
        "feature_repeat": 2,
        "ansatz_repeat": 2,
        "qasm_shots": 1024,
        "use_ibmq": false,
        "maxiter": 100,
        "seed": null,
        "class_size": 100,
        "labels": [
            "alpha",
            "beta"
        ]
    }
}