{
    "train_accuracy": 0.50625,
    "test_accuracy": 0.475,
    "loss_recorder": [
        190.92726413244765,
        166.6453932718676,
        163.32790675789494,
        163.4162877520733,
        162.40291729972208,
        162.65096975317203,
        162.00846526292534,
        163.02174616266564,
        162.8396870746033,
        161.89337852317038,
        161.54187097870403,
        162.31228304297872,
        162.30429193454043,
        162.0808406728205,
        161.54899967226908,
        160.24497200665704,
        161.82129848021674,
        160.0003762579176,
        162.36432623270386,
        160.9428991316136,
        161.8585389716307,
        161.65486091752263,
        161.5524288910799,
        161.43281450951366,
        161.10101033802016,
        160.7783786410293,
        160.74872508887987,
        161.00713690968865,
        161.69235431248296,
        161.4407260543372,
        161.86512931343242,
        160.82596063719745,
        161.17394793996124,
        160.6110249649927,
        161.3984735993498,
        161.0046172274573,
        160.54369119042954,
        161.053663945057,
        161.2659324448723,
        161.94908102880586,
        161.39736269335688,
        161.23965028533263,
        161.0167497349096,
        160.45275067011082,
        161.14481066183515,
        160.746825137036,
        161.00147507390528,
        160.92791866759717,
        160.8717800186127,
        161.14836338130692,
        160.91345140524365,
        159.91847775537389,
        160.02426140587465,
        161.7887836435168,
        160.90933403959227,
        160.2914476733586,
        160.8062067694263,
        160.7634860949163,
        160.2036810827674,
        159.87972015333722,
        160.09087622456678,
        160.65364897060937,
        159.99771301129664,
        159.72614452848217,
        160.13449472336427,
        160.7994450993004,
        161.1323009307458,
        160.81049288030215,
        159.87335527704101,
        161.08606349330586,
        159.9737472615295,
        160.82026611094938,
        160.17020018500227,
        160.17900945123932,
        160.67040288653016,
        159.22139173571384,
        161.01855475995066,
        160.15241205029955,
        159.35125857749748,
        160.60084889308456,
        160.27907855090035,
        160.76058562855866,
        161.67020167086378,
        160.71787333417723,
        160.80619113529474,
        160.8905628339459,
        160.02883967804647,
        159.19084057237524,
        158.99385757145816,
        160.55949684821337,
        159.99029902168942,
        161.09621496279266,
        160.48728782008502,
        160.63416913757845,
        159.79707103651117,
        160.34507419386654,
        160.75299114327635,
        159.7394654603338,
        159.5379716555185,
        160.69344508191975
    ],
    "param": {
        "anti_aliasing": true,
        "feature_type": "FRQI",
        "feature_dim": 4,
        "resize_image_size": [
            2,
            2
        ],
        "anti_aliasing_sigma": null,
        "normalize_min": 0,
        "normalize_max": 1,
        "feature_repeat": 2,
        "ansatz_repeat": 2,
        "qasm_shots": 1024,
        "use_ibmq": false,
        "maxiter": 100,
        "seed": null,
        "class_size": 100,
        "labels": [
            "alpha",
            "beta"
        ]
    }
}