{
    "train_accuracy": 0.8125,
    "test_accuracy": 0.775,
    "loss_recorder": [
        174.83950573785532,
        199.29754913099282,
        171.26754504316187,
        148.5424046146161,
        172.9228800491217,
        161.27138431602964,
        161.43762534213565,
        133.57433194209597,
        133.25716872899844,
        133.91151605834662,
        126.17622863445379,
        124.60587923610566,
        122.114299758759,
        116.00746167406952,
        112.62016618379496,
        110.8325721174365,
        111.31953960196701,
        109.93604266791112,
        110.59989284075516,
        109.73755499851173,
        110.5637954744583,
        109.37824835744732,
        109.09732199770683,
        109.07121597636429,
        108.95342649418836,
        109.3041356656646,
        108.55640565831366,
        108.61808928224107,
        107.36620221878533,
        106.60954887898458,
        107.50011366771444,
        106.8189182239202,
        105.983935697893,
        106.8992354071848,
        107.25548211558676,
        106.67139451432281,
        106.18876683702865,
        106.01600283776187,
        105.96350669847898,
        106.49169279374611,
        105.5219113709917,
        106.32599606388288,
        106.06580636657023,
        106.64015607283142,
        106.07959888355711,
        107.84057205840969,
        106.29863354905835,
        105.7046036012892,
        106.14579439606203,
        105.63863129559601,
        106.1250974679482,
        105.91376403974793,
        106.38734663919337,
        106.15764680395577,
        106.81950028071068,
        106.45191797018946,
        107.0011016725492,
        105.99824507374215,
        105.18771098484677,
        106.47641353719325,
        105.21699727225966,
        105.58845844735538,
        105.11484561196626,
        106.47222587132057,
        105.00192244314759,
        105.76508924216581,
        106.29525198813704,
        106.21143725226055,
        106.4722731581229,
        105.44964632149829,
        105.37295952802211,
        106.00114603129364,
        105.6180659690712,
        105.36611169899157,
        105.53524674877929,
        105.15894122639048,
        105.49479527979109,
        105.41519035456753,
        105.6089023632536,
        105.74447481974813,
        105.10281059045768,
        105.83680218673818,
        105.1140499636377,
        106.49009573565289,
        106.30248790086418,
        106.46607266996683,
        105.83653431231747,
        105.80339185012939,
        105.29380210025774,
        105.07130267669169,
        105.56382397891511,
        105.66997678693184,
        105.11432997167353,
        105.5747923197084,
        105.7374002064634,
        105.11789394964413,
        106.23317083753162,
        105.65735361546214,
        105.9478418412289,
        105.54186737738786
    ],
    "param": {
        "anti_aliasing": true,
        "feature_type": "ZZ",
        "normalize_max": 1.5707963267948966,
        "feature_dim": 4,
        "resize_image_size": [
            2,
            2
        ],
        "anti_aliasing_sigma": null,
        "normalize_min": 0,
        "feature_repeat": 2,
        "ansatz_repeat": 2,
        "qasm_shots": 1024,
        "use_ibmq": false,
        "maxiter": 100,
        "seed": null,
        "class_size": 100,
        "labels": [
            "alpha",
            "beta"
        ]
    }
}