{
    "train_accuracy": 0.9473684210526315,
    "test_accuracy": 0.8,
    "loss_recorder": [
        42.211453838125394,
        42.114562658828525,
        42.24062965649531,
        41.16137447899731,
        39.58481261752306,
        39.17230672738279,
        37.60366851800527,
        34.88332582942861,
        34.293671658151325,
        34.644634004063725,
        34.384997032113226,
        32.53729369613834,
        32.87887485862235,
        32.13094448343432,
        32.605000938596405,
        31.27734679875593,
        31.42677117935544,
        31.11934959916993,
        31.4435976480014,
        31.489478933592206,
        31.393161242704146,
        29.923121622986184,
        29.856369996179325,
        29.92342745339878,
        29.23815061914949,
        28.50845625618781,
        28.589509340642497,
        28.291436449928952,
        28.598462043184714,
        28.124055126137076,
        27.91210965356457,
        27.820088522181276,
        28.085081780889674,
        27.633430839641747,
        27.28316905930597,
        27.168441238259707,
        27.485588921224352,
        27.091344494457495,
        26.788671741182696,
        26.949034966050448,
        26.693423063724,
        26.010656086497917,
        26.35617709144942,
        26.2362823838426,
        25.948254976371423,
        26.07671556387971,
        25.678165653556213,
        25.699043236143748,
        26.318646385127394,
        25.73491382822823,
        25.891061323708012,
        25.996001373993014,
        25.665712016618897,
        25.64897433348015,
        25.24306193595688,
        25.241420957193746,
        25.47183034071201,
        24.74326726605601,
        25.25007897338733,
        24.807106029480835,
        24.36667106013642,
        25.023362381357177,
        25.368999862744015,
        25.245019999601446,
        24.76608296037755,
        24.6736642362261,
        24.737015801222448,
        24.83203896925894,
        24.635328393926585,
        24.683207455099318,
        24.295164657899537,
        24.42341688922942,
        24.4142596117417,
        24.621129384870347,
        24.405362163115687,
        24.62241670308678,
        24.280207975452615,
        24.719947489058057,
        24.64231089147736,
        24.492725917203124,
        24.128497982616054,
        24.162219525369675,
        24.145937289400837,
        24.193583669371655,
        24.01134809737364,
        23.878275755931764,
        24.334969676444715,
        24.503347225786356,
        23.893868447843342,
        23.650719580264415,
        24.18540144845466,
        23.93517693627506,
        23.825856791626986,
        24.101620635161154,
        24.005553729586428,
        23.937108410795787,
        23.855364228836166,
        23.970748449754353,
        23.854428544794562,
        23.985084593967777
    ],
    "param": {
        "anti_aliasing": true,
        "feature_dim": 9,
        "resize_image_size": [
            3,
            3
        ],
        "anti_aliasing_sigma": null,
        "normalize_min": 0,
        "normalize_max": 1,
        "feature_type": "ZZ",
        "feature_repeat": 2,
        "ansatz_repeat": 2,
        "qasm_shots": 1024,
        "maxiter": 100,
        "seed": null,
        "class_size": 24
    }
}