{
    "train_accuracy": 0.8,
    "test_accuracy": 0.725,
    "loss_recorder": [
        156.78699810037426,
        152.79529723177438,
        150.85059109383621,
        149.03611191482602,
        146.5073178023556,
        145.28679111910265,
        145.00379908325203,
        142.8575358486167,
        139.93321470652884,
        140.37846068344214,
        139.08677140813282,
        138.5771921990335,
        138.3605724664016,
        138.02387731624404,
        137.29354132605116,
        137.83276385751532,
        136.80740679544562,
        137.84662653489062,
        137.12523085986192,
        137.3291979482725,
        136.3999467160322,
        135.92411786355373,
        135.56088300968054,
        133.541135929054,
        134.0889710574795,
        133.56948798199326,
        132.30245033060797,
        131.97422862603383,
        131.1735969424226,
        130.61311181851045,
        132.23784965643225,
        131.9507836849537,
        131.71216233492657,
        131.37336289914035,
        131.66612071571637,
        131.65192001895343,
        131.1867111372427,
        131.33111669046116,
        131.189713155467,
        131.52467155611214,
        131.9973472269528,
        131.24000535911296,
        130.82150859289084,
        130.806425615175,
        130.9752256902886,
        130.51118947064904,
        130.55630821201012,
        129.60797331859627,
        129.41372870718791,
        130.3942213667874,
        129.42474466359417,
        129.19497063122907,
        128.6876763263869,
        130.1141426462952,
        129.82118326511187,
        129.5564291658165,
        129.18560203320177,
        129.2973936325743,
        128.97774961318135,
        128.70069014253562,
        130.06694344040315,
        129.4753460659067,
        130.4543465152007,
        128.44814879215573,
        128.55519660432626,
        128.54778356601685,
        128.6887011512515,
        128.7975271655434,
        128.7272882298787,
        128.37154365451482,
        128.02376599113612,
        128.04469786671842,
        129.1225139684705,
        127.92540669696848,
        128.6939204275676,
        130.25021120833992,
        128.93705602297368,
        128.2057235125552,
        128.4225624153639,
        129.00657739528828,
        128.43239378658717,
        128.50880715179173,
        128.26936590066703,
        128.8523231133812,
        129.09819740561858,
        128.41775335220723,
        128.90026847542967,
        127.97149339076799,
        128.58303277402035,
        128.63111923116853,
        128.57829915850996,
        128.89531082691306,
        128.76765691851836,
        128.31214979805046,
        127.69245148004481,
        128.39933813821875,
        128.4860479141912,
        129.09374289683421,
        128.07395494972494,
        127.75334263638877
    ],
    "param": {
        "anti_aliasing": true,
        "feature_type": "Pauli",
        "feature_dim": 4,
        "resize_image_size": [
            2,
            2
        ],
        "anti_aliasing_sigma": null,
        "normalize_min": 0,
        "normalize_max": 1,
        "feature_repeat": 2,
        "ansatz_repeat": 2,
        "qasm_shots": 1024,
        "use_ibmq": false,
        "maxiter": 100,
        "seed": null,
        "class_size": 100,
        "labels": [
            "alpha",
            "beta"
        ]
    }
}