{
    "train_accuracy": 0.65625,
    "test_accuracy": 0.65,
    "loss_recorder": [
        164.52198094336953,
        170.62845451709902,
        165.34112391332042,
        166.82393335800816,
        166.03931235664464,
        162.77287935147515,
        162.90691247455106,
        161.93476532332824,
        160.35845925958773,
        160.04570983717528,
        160.56229341027282,
        160.5163182402166,
        158.9852393310576,
        158.2256647485642,
        159.6289539269175,
        157.4114466557739,
        155.23179200364785,
        154.66417065287158,
        153.89554288232804,
        150.98969763671732,
        152.8275164618239,
        148.8019957810472,
        148.9650843945492,
        148.64259277414342,
        148.41701548466472,
        148.1228133867831,
        146.98818654398073,
        146.47617042538104,
        145.65280970207948,
        145.75525273586277,
        144.81748702360656,
        145.21838215573322,
        145.17064581692574,
        144.85944283938963,
        144.3906183435834,
        143.80711457808763,
        144.11633782994838,
        143.59534195665123,
        144.19254675921857,
        143.83166535241565,
        143.30908165426982,
        143.20155441018312,
        142.63172994428194,
        143.1294011317748,
        143.64634018867395,
        143.24675199121012,
        143.28555646946882,
        142.5756535084604,
        142.26754027332856,
        143.18231051012054,
        143.31440573819762,
        142.5283911729453,
        142.47136451175152,
        141.6805779456992,
        143.11779348277906,
        142.60996901642574,
        142.90381671393922,
        142.12599538148436,
        143.03257800222386,
        143.0115434871703,
        142.30968191578455,
        141.82599696569127,
        141.79436320272407,
        142.10112383798167,
        141.89724308345617,
        142.48890029516502,
        142.36466055104717,
        142.0260490852043,
        142.7727708834894,
        141.59789133772915,
        142.06857940694357,
        141.5754422792457,
        142.0943466050344,
        142.2370431771218,
        142.00481657374908,
        142.42988470805378,
        142.97315199258827,
        142.24634803497094,
        142.6147511715513,
        142.33017861677445,
        142.1349122212112,
        141.4839701953274,
        141.87131817663914,
        141.8242831999002,
        142.02976147570445,
        141.36696907104422,
        140.43585499571796,
        141.44522042933392,
        141.74518332333886,
        141.64760550204858,
        141.4956247213891,
        141.9558386447345,
        141.41117316286935,
        140.09237888131435,
        141.86116190864453,
        141.303024170765,
        141.15409072411052,
        141.66797726982162,
        140.3383682072655,
        141.19427661495922
    ],
    "param": {
        "anti_aliasing": false,
        "seed": null,
        "normalize_max": 1.5707963267948966,
        "feature_dim": 4,
        "resize_image_size": [
            2,
            2
        ],
        "anti_aliasing_sigma": null,
        "normalize_min": 0,
        "feature_type": "ZZ",
        "feature_repeat": 2,
        "ansatz_repeat": 2,
        "qasm_shots": 1024,
        "use_ibmq": false,
        "maxiter": 100,
        "class_size": 100,
        "labels": [
            "alpha",
            "beta"
        ]
    }
}