{
    "train_accuracy": 0.775,
    "test_accuracy": 0.7,
    "loss_recorder": [
        179.80615422553768,
        177.52930576660805,
        178.38394733662028,
        177.03013204406147,
        173.52459494084368,
        174.60607759076424,
        174.07930108360864,
        174.5561063289922,
        171.86635257346768,
        172.26203315133347,
        161.56828482546496,
        160.59955706848532,
        157.04995224867923,
        154.55668989926255,
        153.40718698687402,
        146.28749253806146,
        146.31326380267814,
        145.65446789705302,
        142.16337044451103,
        140.17970675590496,
        138.8201447009161,
        136.3879172094983,
        136.71226431967648,
        136.94388261831722,
        136.69806983472807,
        134.10512196551892,
        133.26576096243951,
        131.8388470092425,
        132.3133653508695,
        132.2023662721867,
        131.71352274969806,
        131.6275311379992,
        132.20156731909964,
        131.32752332060437,
        131.0667517103769,
        130.7516956707923,
        129.71526128350038,
        129.06968059650814,
        129.01276260360905,
        127.83691650507954,
        128.84901971183268,
        126.66169965095847,
        126.74799283177468,
        126.32356194249917,
        126.79902276006167,
        127.31956331983261,
        127.25707177425319,
        126.00351522157149,
        126.07282186584652,
        126.79435181756503,
        126.08567268904054,
        125.78393261184756,
        125.81713168937667,
        126.47129597108326,
        125.5180183540682,
        125.99196500588991,
        125.72222685543919,
        124.33676723512312,
        124.61097508297397,
        125.39192532111322,
        124.0192228190362,
        124.86859636534315,
        124.35096995470127,
        123.99677610398452,
        125.11278699130551,
        124.9887763972182,
        123.37964946091533,
        125.45803409053477,
        123.6158048842735,
        124.44309880762735,
        124.85240738452171,
        125.31043282099401,
        123.83675448518433,
        125.22679405463825,
        124.31019175079273,
        124.22084727184708,
        123.9647864337727,
        124.84891316022971,
        124.27283881542812,
        124.6957247275596,
        123.73014756014203,
        124.43706004685366,
        123.97399639909437,
        124.4480456825226,
        123.53265253200516,
        124.3009510655843,
        124.85244185048691,
        124.61807268566282,
        124.89887580036002,
        124.03055360587777,
        124.16916466411266,
        124.01704476588199,
        124.73322340181213,
        124.27840203188748,
        123.88370404158822,
        124.24042091326751,
        123.54337746403039,
        122.95970467122623,
        123.44284358818325,
        123.47498613859894
    ],
    "param": {
        "anti_aliasing": true,
        "seed": null,
        "normalize_max": 1.5707963267948966,
        "feature_dim": 4,
        "resize_image_size": [
            2,
            2
        ],
        "anti_aliasing_sigma": null,
        "normalize_min": 0,
        "feature_type": "ZZ",
        "feature_repeat": 2,
        "ansatz_repeat": 2,
        "qasm_shots": 1024,
        "use_ibmq": false,
        "maxiter": 100,
        "class_size": 100,
        "labels": [
            "alpha",
            "beta"
        ]
    }
}