{
    "train_accuracy": 0.66875,
    "test_accuracy": 0.7,
    "loss_recorder": [
        160.6054174563463,
        161.04468174175616,
        154.71172423061705,
        155.54614282765235,
        154.7627131613551,
        155.70131161638412,
        154.31108653520806,
        153.50508081858794,
        153.23832653873117,
        152.0434331252738,
        152.61477064843365,
        151.79159831613492,
        152.6219020567965,
        151.6384726608907,
        152.63663759008614,
        149.97451629264373,
        151.3750317278496,
        151.20379285678433,
        150.82567889136305,
        151.0034790045529,
        150.16108636562467,
        150.4495402835155,
        150.99526809368797,
        150.60458920027492,
        150.35603335564514,
        150.13777470183777,
        149.7972994291797,
        150.1419496770768,
        149.19280136228502,
        150.4925673838396,
        150.01027217722648,
        149.66940141382548,
        149.48981550579495,
        149.30021870079867,
        149.3608251485815,
        150.07413601955454,
        149.02865115670224,
        148.39618889702874,
        148.7683246506821,
        148.37780873813062,
        148.0569488392635,
        149.44451333670204,
        148.9507455314469,
        147.90671508256068,
        147.82042560910128,
        148.87458912709275,
        147.1000487752512,
        147.40153340623232,
        147.812002232944,
        148.45941702529166,
        147.02784902447786,
        148.4913105247996,
        147.73246219269177,
        148.1553731529338,
        147.3129300326736,
        146.7526522516823,
        146.83876012490217,
        147.4547643999612,
        146.27141735722836,
        147.46770185515973,
        146.81565263872642,
        146.64326727105083,
        146.58014269291596,
        147.23275155017177,
        146.83696674433503,
        147.14568547381742,
        146.86276758871523,
        147.90070425927357,
        147.03182232208738,
        147.67216553521104,
        146.7939071431859,
        147.21240751210908,
        145.45052726151692,
        146.09331651814628,
        147.58718271536054,
        146.34294026906502,
        146.74656793998327,
        146.20344412813517,
        147.0012148209637,
        146.87016446599557,
        146.94603869281633,
        147.43500021870764,
        145.92280672393758,
        146.94133908180703,
        147.47580136404923,
        146.50504418508478,
        146.53401220179126,
        146.6578742161948,
        146.80073697366953,
        147.16124219788628,
        147.33799696901804,
        146.69331114401217,
        146.63566887487406,
        145.93779012885523,
        148.0683643023013,
        146.64770459543888,
        147.31431590262815,
        146.92009743633957,
        147.1841278713069,
        146.30412041547285
    ],
    "param": {
        "anti_aliasing": true,
        "feature_dim": 2,
        "resize_image_size": [
            1,
            2
        ],
        "normalize_max": 1.5707963267948966,
        "anti_aliasing_sigma": null,
        "normalize_min": 0,
        "feature_type": "ZZ",
        "feature_repeat": 2,
        "ansatz_repeat": 2,
        "qasm_shots": 1024,
        "use_ibmq": false,
        "maxiter": 100,
        "seed": null,
        "class_size": 100,
        "labels": [
            "alpha",
            "beta"
        ]
    }
}