{
    "train_accuracy": 0.8947368421052632,
    "test_accuracy": 0.8,
    "loss_recorder": [
        28.474684264126694,
        28.53132716298763,
        28.350307593582716,
        29.026769593731352,
        28.43649312427364,
        34.53219931420108,
        39.90861414257271,
        39.49733375560567,
        36.601323944406694,
        34.00536252778052,
        32.30672661347173,
        32.41989334832767,
        27.324068073492302,
        26.826043048495986,
        26.8865725731291,
        27.258246210078585,
        26.499764394281847,
        26.134704526964683,
        26.571602207421964,
        26.233938490323567,
        26.2391757658665,
        26.184963126337884,
        25.900372666669465,
        26.052315597633566,
        25.838184176384917,
        26.07878570060342,
        25.89832004748713,
        25.90348796456299,
        25.678402504082534,
        25.89862179335246,
        26.041778035675787,
        25.689489855430338,
        25.842071753247215,
        25.847666381691017,
        25.65609101674254,
        25.581226745800272,
        25.684194927572168,
        25.634223237042114,
        25.215264449589615,
        25.333584127160787,
        25.32471758572468,
        25.207625763188396,
        25.288705923114392,
        25.83701077143513,
        25.40449413760272,
        25.406619586513827,
        24.85204993575218,
        24.912411943754183,
        25.17743209125653,
        25.010288046148546,
        24.739662556091766,
        25.103567976280633,
        24.89148244310515,
        24.77481982581684,
        24.53486823994735,
        24.35089217733061,
        24.231047867913492,
        24.21471842018107,
        24.07423177423347,
        24.251464115008112,
        23.763766450354645,
        24.178529749283385,
        23.648935098468936,
        23.541391726704553,
        24.000690886715923,
        24.011939437115807,
        23.91695264057675,
        23.93439119947159,
        23.506457590889408,
        23.750075756037898,
        23.529731473992367,
        23.947883207411696,
        23.54433688349643,
        23.952947983858984,
        23.66257594436263,
        23.751182824619185,
        23.762742835392203,
        23.610432736227054,
        23.718187443610912,
        23.756199886496606,
        23.418035162879438,
        23.913212901791564,
        23.917269281719637,
        23.918091674467448,
        23.725285413502828,
        24.032018409672684,
        24.05628006526127,
        23.504314601783033,
        23.62122903496665,
        23.69384859091757,
        23.654004466815433,
        23.723534901674146,
        23.77069918036556,
        23.77450233534073,
        23.555157985559276,
        23.610264803579337,
        23.79241990751202,
        23.640897113889523,
        23.72703206177436,
        23.649568990445637
    ],
    "param": {
        "anti_aliasing": true,
        "feature_dim": 4,
        "resize_image_size": [
            2,
            2
        ],
        "anti_aliasing_sigma": null,
        "normalize_min": 0,
        "normalize_max": 1,
        "feature_type": "ZZ",
        "feature_repeat": 2,
        "ansatz_repeat": 2,
        "qasm_shots": 1024,
        "maxiter": 100,
        "seed": null,
        "class_size": 24
    }
}