{
    "train_accuracy": 0.7105263157894737,
    "test_accuracy": 0.7,
    "loss_recorder": [
        43.835463306066075,
        56.77666944669266,
        33.374190320829065,
        41.152500010010364,
        41.62245742762331,
        34.37830710227316,
        47.16335419474818,
        55.780695751017994,
        70.45684544540867,
        37.77629978327996,
        29.044719738639348,
        34.83503272983156,
        32.773009115178866,
        33.13265609892715,
        33.668615299395086,
        63.80572429586412,
        32.65585841375283,
        39.05246368791258,
        42.55913459563258,
        58.45977115545689,
        44.09867151718969,
        43.768041277789806,
        70.8893404562569,
        34.419035518113034,
        37.72969277335049,
        31.560507420100297,
        26.641256394767137,
        34.44813463282164,
        59.07202236758876,
        44.63892025851129,
        34.828771356717084,
        54.60793593167702,
        26.94446375275218,
        31.98156223751472,
        33.96717125463448,
        37.94039864968401,
        54.98557935097583,
        46.566905001626765,
        46.8212089452973,
        34.11429567402407,
        53.36336852795278,
        31.37468015388672,
        35.11915448713443,
        36.55426984485075,
        30.63297987790558,
        44.251298591977644,
        51.08459037950276,
        31.53997263995764,
        26.848286610636677,
        70.24663517127468,
        91.68090613914916,
        57.23476581959289,
        46.17462412479408,
        29.790165719474082,
        25.4963578394715,
        32.306136404691166,
        36.932668103644154,
        36.12624709443611,
        38.148566631838555,
        23.234123727794643,
        42.63574130444817,
        29.673649266845356,
        35.77018638884079,
        75.03660387506598,
        78.41076245582553,
        36.6327403732047,
        26.40952813840517,
        47.1733581272658,
        46.302003446989005,
        39.226585619756285,
        65.77414369348526,
        37.722329786366984,
        37.95268469456238,
        52.99699946666986,
        41.30766684377874,
        44.896605180919785,
        46.58830597379721,
        38.72546586323984,
        37.14924154477472,
        34.14872388816594,
        31.838188477723534,
        31.500970369587897,
        28.225554424541688,
        29.151314177092917,
        30.101968704103115,
        30.577364920320356,
        29.338131727928637,
        31.309336547899072,
        25.26805487270543,
        25.362274197112825,
        26.81260322357668,
        24.443120924610476,
        34.52494010730758,
        35.05859883638291,
        34.011721796600696,
        44.017619925141815,
        43.44015759053023,
        46.3913524185238,
        27.566558095512896,
        37.330782292172515
    ],
    "param": {
        "anti_aliasing": true,
        "feature_dim": 2,
        "resize_image_size": [
            2,
            1
        ],
        "anti_aliasing_sigma": null,
        "normalize_min": 0,
        "normalize_max": 1,
        "feature_type": "ZZ",
        "feature_repeat": 2,
        "ansatz_repeat": 2,
        "qasm_shots": 1024,
        "maxiter": 100,
        "seed": null,
        "class_size": 24
    }
}