{
    "train_accuracy": 0.8421052631578947,
    "test_accuracy": 0.7,
    "loss_recorder": [
        72.48371872379899,
        36.42526446905096,
        36.3861131605429,
        35.84425346164401,
        29.8340279250867,
        29.70322690837591,
        29.535597305665405,
        28.671661985493014,
        28.803455643897294,
        27.410826404754037,
        25.80147619572915,
        25.62054700173923,
        25.55867566996026,
        25.23635762308271,
        25.316612866367205,
        25.043918699169314,
        23.332868382500735,
        23.934161510665362,
        21.80618059951843,
        21.71382365761464,
        21.364677289158383,
        21.587801774112314,
        21.463063077499807,
        21.69803012627087,
        21.224668688229386,
        21.18480254618121,
        21.230631219158944,
        20.997069925669024,
        20.71074320052762,
        20.445405956068917,
        20.66917117129558,
        20.568746226762165,
        20.199497696857584,
        20.394753577875573,
        20.107128833158576,
        20.152508193081786,
        20.149899064801108,
        20.206272057292075,
        19.948874952677947,
        19.81717351862605,
        20.334973365663966,
        19.82172568267625,
        19.809100595726285,
        19.873744733542143,
        20.05553040376795,
        19.741768156955267,
        20.10594560296112,
        19.797930607364904,
        19.50782364552782,
        19.655868874488384,
        19.71651671388959,
        19.56371650200151,
        19.78474755957832,
        19.300460290370626,
        19.61093056965266,
        19.499445376258233,
        19.570222079080263,
        19.318449113384656,
        19.46755131964549,
        19.346731652118805,
        18.924126610136277,
        19.088670786290322,
        19.04328181550771,
        19.300657500603755,
        19.349144153703527,
        19.1450411944314,
        19.124577367153297,
        19.123402554656142,
        19.14221937746108,
        19.463797102722125,
        18.967455273194886,
        19.405860560647266,
        19.199022576817686,
        19.081343362518396,
        19.065011374211192,
        18.898435537238978,
        18.99235801899114,
        18.844373467166797,
        18.98497463754262,
        18.85880504046919,
        18.824259916818217,
        18.915699754780576,
        18.725767862701506,
        19.297598931418303,
        18.955255358735002,
        18.946616905056914,
        18.60318030294982,
        18.96567903634641,
        18.882148450543998,
        18.8871008675014,
        18.432056444372442,
        18.66209770443437,
        18.633438355248366,
        18.80088580067684,
        18.58997935841285,
        18.16969041352998,
        18.85709593572265,
        18.47836777176418,
        18.523004169375053,
        18.278979923939893
    ],
    "param": {
        "anti_aliasing": true,
        "feature_dim": 2,
        "resize_image_size": [
            1,
            2
        ],
        "anti_aliasing_sigma": null,
        "normalize_min": 0,
        "normalize_max": 1,
        "feature_type": "ZZ",
        "feature_repeat": 2,
        "ansatz_repeat": 2,
        "qasm_shots": 1024,
        "maxiter": 100,
        "seed": null,
        "class_size": 24
    }
}