{
    "train_accuracy": 0.85625,
    "test_accuracy": 0.825,
    "loss_recorder": [
        180.97776704263327,
        168.12305266403564,
        158.20745640122337,
        159.26077656113887,
        158.72143146443887,
        158.84444657034288,
        155.02954307112424,
        154.31059793189843,
        154.6876655673434,
        154.42097602015593,
        154.3908640481248,
        154.5608134858938,
        154.18735734277584,
        153.71325685174008,
        153.8230181613602,
        153.78110299866356,
        153.3677107121253,
        152.74513981347732,
        153.55425660354453,
        152.65445376928548,
        154.47947805652825,
        153.5119229486461,
        153.45652937536556,
        153.52071770537822,
        153.4046459594826,
        152.61234832501327,
        153.3558992007212,
        154.01186076463605,
        153.27037103462328,
        152.86694935878472,
        153.12090715574172,
        153.02005308534,
        153.0313487911283,
        152.71969425927196,
        153.57669501801308,
        151.75559097127007,
        152.48368519377135,
        152.86646311631011,
        152.95540099327144,
        153.57230290828159,
        152.33314509584562,
        153.32193949994704,
        152.5016843738226,
        152.7534664738131,
        153.6221524845542,
        153.3702878369367,
        153.1554963312728,
        152.96577170402554,
        152.07801355074267,
        152.9740117040738,
        152.60224736166953,
        152.69688272409684,
        151.97759090330408,
        152.29623924431957,
        153.03366141297445,
        152.77364921916856,
        151.78687032317887,
        152.34225457089315,
        153.02697949726414,
        152.5366417085421,
        152.8369455525348,
        152.4899857378337,
        152.8358917146083,
        152.54692612217457,
        151.25813506274565,
        151.09552886963107,
        151.9165665749561,
        150.6588120435418,
        150.19413292768616,
        151.45077987416707,
        150.7810196045967,
        151.07310835710075,
        150.66366438632895,
        151.8754240007337,
        151.60056252263553,
        151.50445497276468,
        149.84791727754987,
        149.46607351733758,
        149.46333328038997,
        149.408432004427,
        149.52459365454033,
        149.72460388520966,
        148.43306685376427,
        149.14042109365874,
        148.5800141574294,
        148.4996052774637,
        147.99849510572153,
        149.0747499598512,
        147.94931039416264,
        147.26670673624685,
        148.2716499775671,
        147.23662075266537,
        147.13170737242388,
        146.63930096916022,
        145.99336707110228,
        145.27831195205846,
        145.55525278583514,
        145.6979468473176,
        144.4361230234361,
        143.97907184771108
    ],
    "param": {
        "anti_aliasing": true,
        "feature_type": "FRQI",
        "normalize_max": 1.5707963267948966,
        "feature_dim": 4,
        "resize_image_size": [
            2,
            2
        ],
        "anti_aliasing_sigma": null,
        "normalize_min": 0,
        "feature_repeat": 2,
        "ansatz_repeat": 2,
        "qasm_shots": 1024,
        "use_ibmq": false,
        "maxiter": 100,
        "seed": null,
        "class_size": 100,
        "labels": [
            "alpha",
            "beta"
        ]
    }
}