{
    "train_accuracy": 0.8625,
    "test_accuracy": 0.875,
    "loss_recorder": [
        169.78750342955044,
        167.803921766192,
        166.8711779400391,
        165.24477524277597,
        166.4247674437923,
        165.28029194282476,
        166.96756073005156,
        165.38172281162122,
        165.56544860946707,
        164.54917563605457,
        160.92439170839697,
        157.2222063588489,
        155.13190927031445,
        150.41989648715088,
        150.65001198058272,
        148.59277631818708,
        147.1529949843859,
        147.37423593498718,
        144.73381158554076,
        143.52303153927653,
        141.11658895375172,
        142.44347329310335,
        140.023031390806,
        139.42745771727115,
        137.76417908029083,
        137.4514468193883,
        135.3059704373444,
        133.92606628738537,
        133.8641054533903,
        133.84487523143835,
        132.58250065621115,
        131.8518460035599,
        130.8903542956449,
        129.72319341775264,
        131.0919009601593,
        128.33356744866128,
        128.6180195334374,
        127.91471592631711,
        126.83163021994045,
        126.24785610930782,
        125.20211786612512,
        124.85547614069324,
        124.82459057124197,
        124.83164454958691,
        124.29612447890487,
        123.36022998755308,
        124.07138204677975,
        124.3985506190945,
        124.09695008403592,
        123.8940719810102,
        123.83961839652542,
        123.65830481591433,
        122.90200555851274,
        123.89176217357812,
        124.25095177508405,
        122.99755647829951,
        122.29220707936608,
        122.16080612217998,
        122.4627753615953,
        121.51987004656912,
        121.6983585354152,
        122.05661445350935,
        121.92545659441726,
        122.43384727085288,
        122.15617613754154,
        121.87730094892676,
        121.88402917264901,
        121.42310713283254,
        120.41161369806245,
        121.56842965042205,
        121.1069915367045,
        120.34023285368448,
        119.65858849126013,
        120.793700608894,
        120.1983576122879,
        120.55759018211327,
        121.6387111134628,
        120.12219274137131,
        120.30477561046393,
        119.1816152669376,
        119.60687143412824,
        120.14749497235803,
        119.29170030844719,
        119.4954162624523,
        120.1227092349906,
        118.35775065052432,
        119.06788284020458,
        119.73531034158002,
        119.59998349776961,
        119.03180549754751,
        118.41460554650916,
        119.15998455471532,
        119.22946634721177,
        118.05511883858068,
        118.84580011294958,
        118.17443892576577,
        117.84534413074968,
        118.43512691113692,
        118.33931275557234,
        118.26806541283872
    ],
    "param": {
        "anti_aliasing": true,
        "seed": null,
        "feature_dim": 4,
        "resize_image_size": [
            2,
            2
        ],
        "anti_aliasing_sigma": null,
        "normalize_min": 0,
        "normalize_max": 1,
        "feature_type": "ZZ",
        "feature_repeat": 2,
        "ansatz_repeat": 2,
        "qasm_shots": 1024,
        "use_ibmq": false,
        "maxiter": 100,
        "class_size": 100,
        "labels": [
            "alpha",
            "beta"
        ]
    }
}