{
    "train_accuracy": 0.85,
    "test_accuracy": 0.9,
    "loss_recorder": [
        141.40901781922886,
        128.8393140786464,
        111.40320404922475,
        103.71157740446482,
        112.55057522128679,
        112.1486447689381,
        111.7280026386324,
        110.82304266995693,
        106.73439548768846,
        104.82951503746014,
        104.04549464220078,
        104.34670597442658,
        105.01363394997963,
        98.44188864497987,
        96.93993914863715,
        93.24906085956219,
        93.11125231941728,
        94.27702116538347,
        93.8190637102959,
        92.54728779617376,
        92.65068187527608,
        90.22964774732276,
        89.02610146043912,
        87.96836040789123,
        89.11995971803366,
        87.88747120262437,
        88.5493209221186,
        87.36236079605021,
        87.22801683480638,
        87.33019962085847,
        87.07223557861008,
        87.26599668421869,
        86.57227201676608,
        86.99238615210298,
        86.50274109526869,
        86.59936801635394,
        87.24008978608559,
        86.63027410884428,
        85.79865214131999,
        87.03042983190213,
        86.76189614696824,
        86.6599173546124,
        86.09245439707954,
        86.13171833800767,
        85.6426197374504,
        86.2558261548769,
        86.9515611885822,
        85.66738086993013,
        85.67795056780231,
        85.66380851571392,
        85.09605479864082,
        86.24416737368242,
        85.4873991306563,
        84.2476739522178,
        85.01602022405555,
        84.70736813526628,
        84.73698644383933,
        84.65154295946073,
        85.26443471786106,
        85.77744627024009,
        85.07822857847967,
        85.02813286932957,
        84.56017869286251,
        84.63278185710652,
        85.16438084859004,
        84.16840993931731,
        83.81439488499574,
        84.42710630227418,
        84.44137963712416,
        84.1043802096307,
        84.30273685358767,
        84.32549269086223,
        84.23263639125744,
        83.7126925033667,
        84.5851077713755,
        83.9615206966836,
        83.88667080631215,
        83.82330860124982,
        84.00670565567947,
        84.17599857088521,
        84.59634277475382,
        83.76607695642704,
        83.3406441395191,
        84.29641426453526,
        83.86994880330741,
        83.6213908741441,
        83.64381894514489,
        84.1212194002724,
        83.02233401790139,
        83.77012985309081,
        84.00027028516398,
        83.19888590799336,
        83.87571685950951,
        82.50590402327958,
        83.58268894083056,
        82.88388072721224,
        83.79260567086013,
        83.44050770542623,
        83.36811777925209,
        82.4520550042266
    ],
    "param": {
        "anti_aliasing": true,
        "feature_dim": 9,
        "resize_image_size": [
            3,
            3
        ],
        "anti_aliasing_sigma": null,
        "normalize_min": 0,
        "normalize_max": 1,
        "feature_type": "ZZ",
        "feature_repeat": 2,
        "ansatz_repeat": 2,
        "qasm_shots": 1024,
        "use_ibmq": false,
        "maxiter": 100,
        "seed": null,
        "class_size": 100,
        "labels": [
            "alpha",
            "beta"
        ]
    }
}